-- phpMyAdmin SQL Dump
-- version 4.9.5
-- https://www.phpmyadmin.net/
--
-- Host: localhost:3306
-- Generation Time: May 15, 2022 at 02:08 PM
-- Server version: 5.7.24
-- PHP Version: 7.4.1

SET SQL_MODE = "NO_AUTO_VALUE_ON_ZERO";
SET AUTOCOMMIT = 0;
START TRANSACTION;
SET time_zone = "+00:00";


/*!40101 SET @OLD_CHARACTER_SET_CLIENT=@@CHARACTER_SET_CLIENT */;
/*!40101 SET @OLD_CHARACTER_SET_RESULTS=@@CHARACTER_SET_RESULTS */;
/*!40101 SET @OLD_COLLATION_CONNECTION=@@COLLATION_CONNECTION */;
/*!40101 SET NAMES utf8mb4 */;

--
-- Database: `heheru`
--

-- --------------------------------------------------------

--
-- Table structure for table `area`
--

CREATE TABLE `area` (
  `id_area` bigint(20) NOT NULL,
  `name` varchar(255) NOT NULL
) ENGINE=InnoDB DEFAULT CHARSET=utf8;

--
-- Dumping data for table `area`
--

INSERT INTO `area` (`id_area`, `name`) VALUES
(4, 'Новосибирск');

-- --------------------------------------------------------

--
-- Table structure for table `experience`
--

CREATE TABLE `experience` (
  `id_experience` varchar(255) NOT NULL,
  `name` varchar(255) NOT NULL
) ENGINE=InnoDB DEFAULT CHARSET=utf8;

--
-- Dumping data for table `experience`
--

INSERT INTO `experience` (`id_experience`, `name`) VALUES
('between1And3', 'От 1 года до 3 лет'),
('between3And6', 'От 3 до 6 лет'),
('noExperience', 'Нет опыта');

-- --------------------------------------------------------

--
-- Table structure for table `specializations`
--

CREATE TABLE `specializations` (
  `id_specialization` varchar(255) NOT NULL,
  `name` varchar(255) NOT NULL
) ENGINE=InnoDB DEFAULT CHARSET=utf8;

--
-- Dumping data for table `specializations`
--

INSERT INTO `specializations` (`id_specialization`, `name`) VALUES
('1.172', 'Начальный уровень, Мало опыта'),
('1.211', 'Поддержка, Helpdesk'),
('1.270', 'Сетевые технологии'),
('1.273', 'Системный администратор'),
('1.82', 'Инженер'),
('1.89', 'Интернет'),
('15.388', 'Административный персонал'),
('15.750', 'Другое'),
('17.256', 'Розничная торговля'),
('21.136', 'Логистика'),
('21.17', 'Автоперевозки'),
('21.482', 'Водитель'),
('21.506', 'Экспедитор'),
('22.757', 'Другое'),
('24.379', 'Администрация'),
('3.509', 'Промоутер'),
('4.127', 'Курьер'),
('4.181', 'Начальный уровень, Мало опыта'),
('4.255', 'Ресепшен'),
('4.332', 'Управляющий офисом (Оffice manager)');

-- --------------------------------------------------------

--
-- Table structure for table `vacancies`
--

CREATE TABLE `vacancies` (
  `id_vacancy` bigint(20) NOT NULL,
  `description` text,
  `name` varchar(255) DEFAULT NULL,
  `published_at` datetime DEFAULT NULL,
  `salary_currency` varchar(255) DEFAULT NULL,
  `salary_from` decimal(10,0) DEFAULT NULL,
  `salary_to` decimal(10,0) DEFAULT NULL,
  `snippet_requirement` text,
  `snippet_responsibility` text,
  `id_area` bigint(20) DEFAULT NULL,
  `id_experience` varchar(255) DEFAULT NULL
) ENGINE=InnoDB DEFAULT CHARSET=utf8;

--
-- Dumping data for table `vacancies`
--

INSERT INTO `vacancies` (`id_vacancy`, `description`, `name`, `published_at`, `salary_currency`, `salary_from`, `salary_to`, `snippet_requirement`, `snippet_responsibility`, `id_area`, `id_experience`) VALUES
(48262901, '<p><strong>Обязанности</strong></p> <ul> <li>❗️ Гарантия заработка до 8️⃣7️⃣8️⃣0️⃣ <strong>руб</strong> в день❗️</li> <li>Доставка онлайн заказов и небольших посылок/грузов для клиентов;</li> <li>Характер посылок: Документы, лекарства, доставка из интернет магазинов, доставка электроники, забытые вещи/ключи, цветы и прочее</li> <li>Оплачивать заказы или покупать что-то за свой счет не нужно, всё уже оплачено!</li> </ul> <p><strong>Требования к квалификации</strong></p> <ul> <li>❗️Торопитесь пока есть ещё свободные места❗️</li> <li>Желание работать и хорошо зарабатывать❗️</li> </ul> <p><strong>Условия работы</strong></p> <ul> <li>Оплата Ежедневно</li> <li>График работы полностью свободный!</li> <li><strong>Никаких противозаконных посылок нет! Всё легально!</strong></li> <li>Никаких справок о прививках не нужно!</li> <li>Выплаты заработка на любую карту в любое время 24/7!</li> </ul> <p><strong>Действует гарантия минимальной стоимости заказа 200 рублей:</strong></p> <p>+ бонусы за вручения:</p> <ul> <li>5 вручений - 130 руб</li> <li>10 вручений - 260 руб</li> <li>15 вручений - 530 руб</li> <li>20 вручений - 1030 руб</li> <li>25 вручений - 1780 руб</li> <li>30 вручений - 2780 руб</li> </ul> <p>❗️<strong>Теперь на примере</strong><strong> </strong>курьера сделавший за 30 вручений:</p> <p>200*30=6000 руб грязными + 2780 рублей чистыми на следующий день.</p> <p>Доход может быть и выше, всё зависит от самих заказов!<br /><strong>Чем дальше везёте, тем дороже для клиента!</strong></p> <p> </p> <p><strong>Как устроиться? </strong>Оставляйте отклик, мы вам пришлём наш сайт (В наших контактах он тоже есть)</p> <ol> <li>Заходите на сайт</li> <li>Заполняете нужную анкету</li> <li>Переходите на <strong>вкладку инструкция </strong>( Там детально описано как приступить к работе и как потом получать свой заработок )</li> <li>Проходите обучение <strong>прямо в приложении</strong> и можно выходить на линию!</li> </ol> <p><br /><strong>ПРОСТО ПОЗВОНИТЕ НАМ - ВСЁ ПОДРОБНО РАССКАЖЕМ!<br />Или напишите в мессенджеры viber/whatsapp</strong><br /><strong>Работа действительно есть!</strong><br /><br />Каждый четверг мы подводим итоги заработков курьеров за неделю!<br /><strong>Люди реально зарабатывают!</strong></p> <p> </p>', 'Курьер', '2022-05-14 13:46:53', 'RUR', '199999', '199999', 'Торопитесь пока есть ещё свободные места️. Желание работать и хорошо зарабатывать️.', 'Гарантия заработка до 8️⃣7️⃣8️⃣0️⃣ руб в день️. Доставка онлайн заказов и небольших посылок/грузов для клиентов. ', 4, 'noExperience'),
(51567644, '<p>ООО Норто приглашает водителей - курьеров для работы в Яндекс доставке в Новосибирске.</p> <p>Яндекс Доставка это не Яндекс Еда, а самостоятельный сервис.<br /><br />Яндекс это самая крупная логистическая компания в России, на рынке срочных доставок. Это означает огромное количество заказов ежедневно, что позволит вам зарабатывать при любом графике работы.<br /><br />ООО Норто уже 3 года сотрудничает с Яндекс, мы занимается поиском, обучением и сопровождением курьеров во время работы</p> <p>Особенности работы в Яндекс:<br /><br />Вы будете работать в свободном графике, что бы закончить рабочий день или взять перерыв, нужно просто выключить приложение. Включить его можно в любой момент. Подойдет и тем кто ищет полную занятость и тем кому нужен дополнительный доход.</p> <p>Вам не нужно искать заказы, приложение все сделает за вас, вам остается только принять заказ и выполнить его, пользуясь навигацией в приложении. После завершения заказа, приложение найдет вам новый заказ и так далее, пока у вас есть свободное время.</p> <p>Курьеры Яндекс, доставляют все что не запрещено законом РФ, помещается в багажник и весом не превышает 20кг. Как правило это небольшие коробки и пакеты, весом 5 кг. Широчайший перечень доставляемых товаров, обеспечивает стабильным количеством заказов на протяжении всего дня, в любой день недели.</p> <p>Стоимость заказа зависит от расстояния и времени, которые вам нужно потратить на выполнение заказа. Чем дальше ехать, тем дороже заказ. Если курьеров на линии не хватает, а заказов много, то стоимость заказа растет.</p> <p>Разнообразные доплаты для активных курьеров. Чем больше заказов выполняет курьер за смену, тем дороже они становятся. Так же есть ежемесячные и еженедельные бонусы за количество выполненных заказов, которые идут плюсом от основного дохода и являются премией для активных курьеров.<br /><br />Доход значительно выше среднего по городу. Средний доход за смену составляет от 3500 - 4500р за смену.</p> <p>Важный момент, что свой заработок вы получаете каждый день. Вам не нужно ждать месяц с того момента как вы устроились на работу и далее получать зарплату 2 раза в месяц. После выполнения заказа, деньги сразу попадают на ваш счет в приложении, с которого вы в любой момент можете получить их на карту любого банка. Компенсация ГСМ, зашита в стоимость заказа. Например, выполнили заказ за 300р, на бензин при этом потратили 10р, получили деньги после выполнения заказа и компенсировали свои расходы на транспорт.</p> <p>Курьеры работаю в свободной форме одежды, главное что бы она была чистая и опрятная.</p> <p>Парк Норто, с самого запуска работает с Яндекс доставкой и у нас большой опыт в работе с курьерами. Мы всегда оперативно поможем вам в решении любой проблемы, от этапа регистрации до получения первых выплат и далее всегда будем на связи с вами.</p> <p>Для регистрации, оставьте отклик и мы с вами свяжемся в течении дня или же напишите нам на Ватсап. Огромная просьба именно писать, так как большой поток входящих обращений и не всегда есть возможность всем ответить на звонок. Если после переписки у вас останутся вопросы то мы обязательно созвонимся.</p> <p><strong>Обязанности:</strong></p> <ul> <li>Своевременная доставка посылок из пункта А в пункт Б.</li> </ul> <p><strong>Требования:</strong></p> <ul> <li>Личный автомобиль</li> <li>Наличие телефона на базе Андройд или IOS</li> <li>Пунктуальность и ответственность.</li> </ul>', 'Водитель-курьер', '2022-05-15 11:30:39', 'RUR', '60000', '80000', '<highlighttext>Курьеры</highlighttext> работаю в свободной форме одежды, главное что бы она была чистая и опрятная. Личный автомобиль. Наличие телефона на базе...', 'Своевременная доставка посылок из пункта А в пункт Б.', 4, 'noExperience'),
(53220238, '<p><strong>Работа Курьером в Яндекс.Доставка <em>(Оплата каждый день)!</em></strong></p> <p><strong>Подключаем и работаем по Всей России!</strong></p> <p>-------------------------------------------</p> <p><strong>Обязанности:</strong></p> <p>Гарантия заработка <strong>8780р/день. </strong>Доставка заказов от точки А до Б: это могут быть заказы: магазины, онлайн заказы, и небольших посылок/грузов (кафе, рестораны, документы, лекарства, доставка из интернет магазинов, доставка электроники, цветы и прочее).</p> <p><strong>Требования:</strong></p> <p>✅ Желание работать и хорошо зарабатывать;</p> <p>✅ Телефон на базе Андроид или iPhone.</p> <p><strong>Условия работы:</strong></p> <p>✅ До <strong>8700р</strong>/день - гарантия ежедневного заработка (более точная сумма заработка в приложении Яндекс.Про)</p> <p>✅ Оплата Ежедневно. Выплаты заработка на любую карту в любое время 24/7!</p> <p>✅ Оплачивать заказы или покупать что-то за свой счет не нужно, всё уже оплачено!</p> <p>✅ График работы свободный!</p> <p>✅ Только легальные посылки!</p> <p>✅ Никаких справок о прививках не нужно!</p> <p>-----------------------------------------------</p> <p>ГАРАНТИЯ МИНИМАЛЬНОЙ СТОИМОСТИ ЗАКАЗА <strong>200р + 2780р </strong>бонусы за вручения!</p> <p>Пример: курьер выполнил 30 вручений:</p> <p>200*30=6000р (за заказы) + 2780р (Бонус за вручение).</p> <p>-----------------------------------------------</p> <p>Оставляйте заявку:<strong> </strong>условия, регистрация, инструкция<strong> </strong><em>(подключаем круглосуточно)!</em></p>', 'Курьер', '2022-05-15 15:38:17', 'RUR', '100000', '150000', 'Желание работать и хорошо зарабатывать.  Телефон на базе Андроид или iPhone.  Только легальные посылки!  Никаких справок о прививках не нужно!', 'Гарантия заработка 8780р/день. Доставка заказов от точки А до Б: это могут быть заказы: магазины, онлайн заказы, и...', 4, 'noExperience'),
(54192510, '<p><strong>Чем предстоит заниматься:</strong></p> <ul> <li>Администрирование Linux серверов и различного ПО на них.</li> <li>Документирование проводимых работ, конфигураций.</li> </ul> <p><strong>Требования:</strong></p> <ul> <li>Уверенные общие знания в области системного администрирования (TCPIP, DNS, SSLTLS, работа с Git и так далее. Важен не сам набор, а понимание процессов, которые происходят при работе разного ПО - соединении по HTTPS, например).</li> <li>Опыт администрирования ОС Linux в производственной среде.</li> <li>Базовые навыки диагностики проблем с ОС и ПО.</li> <li>Английский язык на уровне чтения документациилитературы. Крайне желательно – на уровне уверенного понимания речи (семинарыкурсы и т. п.).</li> <li>Желание учиться и развиваться.</li> <li>Уверенные знания одного из продуктов из списка: Docker, Prometheus, Elastic Stack.</li> </ul> <p><strong>Будет плюсом:</strong></p> <ul> <li>Сертификации и сданные экзамены.</li> <li>Знания и опыт работы с продуктами vmware.</li> <li>Опыт работы с оборудованием Enterprise-класса (СХД, серверное оборудование).</li> <li>Опыт работы в крупной организации.</li> <li>Навыки написания скриптов, знание какой-то системы управления конфигурациями.</li> </ul> <p><strong>Условия:</strong></p> <ul> <li>Официальная зарплата, зависящая от результата.</li> <li>Удобное рабочее место, доступное 7 дней в неделю, возможность работать по вечерам.</li> <li>Служебный транспорт.</li> <li>Задачи и среда, дающие место подвигу.</li> <li>Огромные возможности обучения и развития. Эта вакансия – «на вырост». Одной из главных задач на данной позиции будет расти и развиваться. Самостоятельно, упорно. А мы предоставим курсысеминарылитературупомощь и все, что потребуется для обучения, за счет Компании.</li> </ul> <p><strong>Важное</strong></p> <p>Не звоните в отдел персонала по телефонам, указанным в карточке организации. <em>Всё общение идёт через сайт посредством механизма откликов. Первый контакт с заинтересовавшим нас кандидатом всегда по телефону. Если Вы скрыли в резюме свой телефон или имя вы получите автоматический отказ.</em></p> <p>Указанный выше &quot;предполагаемый уровень дохода в месяц&quot; - ориентировочный и будет зависеть от уровня кандидата и его способности выполнять <em>самостоятельно</em> определенные виды работ (а так же планировать их и т.п.). Конкретные цифры будут согласовываться с подходящими кандидатами персонально.</p>', 'Системный администратор (Linux)', '2022-05-13 09:26:40', 'RUR', '60000', '100000', 'Уверенные общие знания в области <highlighttext>системного</highlighttext> администрирования (TCPIP, DNS, SSLTLS, работа с Git и так далее. ', 'Администрирование Linux серверов и различного ПО на них. Документирование проводимых работ, конфигураций.', 4, 'noExperience'),
(54192720, '<p><strong>Чем предстоит заниматься</strong>:</p> <ul> <li>Сопровождение, развёртывание и контроль Hyper-V в географически распределённой среде.</li> <li>Сопровождение, развёртывание и контроль серверов Windows Server.</li> </ul> <p><strong>Требования:</strong></p> <ul> <li>Hyper-V, знание на уровне администратора. Опыт работы с Failover Cluster.</li> <li>Active Directory. Понимание как работает, навыки базовой диагностики связанных вещей (авторизация, аутентификация, политики).</li> <li>Опыт работы в сети с несколькими сайтами, базовое понимание маршрутизации, сегментации, управления адресацией.</li> <li>Навыки и опыт администрирования Windows Server 2016 и более новых версий (встроенные роли, права доступа, квоты и прочее).</li> <li>Умение самостоятельно читать официальную документацию и понимать, ЧТО там написано (в том числе на английском).</li> </ul> <p><strong>Будет плюсом:</strong></p> <ul> <li>Навыки написания скриптов на PowerShell, умение работать с технологиями управления (WMI, WsMan, PowerShell Remoting).</li> <li>Опыт работы с System Center.</li> <li>Актуальные сертификации.</li> <li>Опыт работы в крупной организации.</li> </ul> <p><strong>Что мы предлагаем:</strong></p> <ul> <li>Официальная зарплата, зависящая от результата.</li> <li>Удобное рабочее место, доступное 7 дней в неделю, возможность работать по вечерам.</li> <li>Служебный транспорт.</li> <li>Задачи и среда, дающие место подвигу.</li> <li>Огромные возможности обучения и развития.</li> <li>Работа среди лучших специалистов города.</li> </ul> <p><strong>Важное</strong></p> <p> <em>Всё общение идёт через сайт посредством механизма откликов. Пожалуйста, указывайте свой телефон. Резюме со скрытыми телефонами и именами рассматриваться не будут.</em></p> <p>Указанный выше &quot;предполагаемый уровень дохода в месяц&quot; - ориентировочный и будет зависеть от уровня кандидата и его способности выполнять <em>самостоятельно</em> определенные виды работ (а так же планировать их и т.п.). Конкретные цифры будут согласовываться с подходящими кандидатами персонально.</p> <p> </p> <p> </p>', 'Системный администратор (технологии Microsoft)', '2022-05-13 09:26:46', 'RUR', '80000', '120000', 'Hyper-V, знание на уровне администратора. Опыт работы с Failover Cluster. Active Directory. Понимание как работает, навыки базовой диагностики связанных...', 'Сопровождение, развёртывание и контроль Hyper-V в географически распределённой среде. Сопровождение, развёртывание и контроль серверов Windows Server.', 4, 'between3And6'),
(54727076, '<p><strong><em>В связи с развитием компании и новыми интересными и сложными задачами приглашаем в команду Системного администратора.</em></strong></p> <p><strong>Задачи должности:</strong></p> <ul> <li> <p>Обеспечение бесперебойной работы инфраструктуры;</p> </li> <li> <p>Техническая поддержка.</p> </li> </ul> <p><strong>От Вас требуется опыт настройки и развертывания:</strong></p> <ul> <li>кластер виртуализации</li> <li>ad, gpo</li> <li>почтовый сервер, сервер резервного копирования;</li> <li>mikrotik, vpn, vlan</li> <li>asterisk</li> </ul> <p><strong>Условия:</strong></p> <ul> <li>Официальное трудоустройство согласно ТК РФ, белая зарплата;</li> <li>Работа в крупной, активно развивающейся компании, интересные задачи;</li> <li>Льготное питание в корпоративной столовой;</li> <li>Автопарковка;</li> </ul>', 'Системный администратор', '2022-05-13 10:59:49', 'RUR', '60000', '75000', 'От Вас требуется опыт настройки и развертывания:', 'Обеспечение бесперебойной работы инфраструктуры. Техническая поддержка. Кластер виртуализации. Ad, gpo. Почтовый сервер, сервер резервного копирования. Mikrotik, vpn, vlan.', 4, 'between3And6'),
(54879253, '<p>Крупнейший в Новосибирске завод по производству кабеля и провода приглашает на работу системного администратора</p> <p><strong>Обязанности:</strong></p> <ul> <li>обслуживание инфраструктуры: сети, парк компьютеров (~120 машин), оргтехника, и т.д. Мелкий ремонт аппаратной части ПК. Начальная настройка рабочих станций (установка ОС);</li> <li>подготовка рабочих мест для новых сотрудников, создание учетных данных;</li> <li>обеспечение работоспособности серверного и клиентского оборудования;</li> <li>закупка и ведение учета компьютерной и орг. техники;</li> <li>поддержание в рабочем состоянии сетевого оборудования;</li> <li>решение проблем с периферийным оборудованием и принтерами;</li> <li>проведение профилактических работ по обслуживанию компьютерной техники;</li> <li>оказание помощи и решение вопросов с установкой, обновлением ЭЦП;</li> <li>администрирование серверов на базе Windows Server и Linux;</li> <li>администрирование сервера 1С предприятие;</li> <li>мониторинг оборудования на базе Zabbix;</li> <li>администрирование IP телефонии на базе Asterisk(FreePBX), AddPac;</li> <li>администрирования сетей на базе сетевого оборудования Juniper, Cisco, D-Link, Mikrotik, Eltex, UniFi;</li> <li>администрирование почтового сервера Exchange Online (создание пользователей, правил переадресации, групп рассылки);</li> <li>администрирование систем антивирусной защиты (Kaspersky).</li> </ul> <p><strong>Требования:</strong></p> <ul> <li>знания на уровне администратора серверных операционных систем Windows (Active Directory, GPO, DNS, DHCP, DFS, Hyper-V, RDP, MS SQL);</li> <li>знания на уровне администратора серверных операционных систем Linux (Apache, MySQL, Bind, Dhcp);</li> <li>навыки работы с сетевым оборудованием Juniper, Cisco, Mikrotik и понимание принципов построения ЛВС, хорошее знание стека протоколов TCP/IP, принципов маршрутизации сетей, VPN на базе OpenVPN, IPSEC;</li> <li>опыт администрирования информационных систем на платформе &quot;1С: Предприятие 8.3&quot;;</li> <li>знакомство с системой документооборота на базе Directum;</li> <li>высокая степень ответственности;</li> <li>ориентация на результат;</li> <li>инициативность;</li> <li>наличие опыта серверного и сетевого администрирования не менее 2 лет.</li> </ul> <strong>Условия:</strong>​​​​​​​ <ul> <li>пятидневная рабочая неделя с понедельника по пятницу, рабочий день с 08:30 до 17:30;</li> <li>служебный транспорт от/до пл. Калинина;</li> <li>работа в перспективной и сильной компании;</li> <li>комфортный офис в Калининском районе;</li> <li>официальное трудоустройство по ТК РФ.</li> <li>стабильность крупного работодателя;</li> <li>соблюдение прав работников на безопасный труд;</li> <li>непрерывное образование и развитие;</li> <li>корпоративные праздники.</li> </ul>', 'Системный администратор', '2022-05-15 14:43:55', 'RUR', '60000', '60000', 'Знания на уровне администратора серверных операционных систем Windows (Active Directory, GPO, DNS, DHCP, DFS, Hyper-V, RDP, MS SQL). ', 'Обслуживание инфраструктуры: сети, парк компьютеров (120 машин), оргтехника, и т.д. Мелкий ремонт аппаратной части ПК. Начальная настройка рабочих станций...', 4, 'between1And3'),
(54903364, '<p><strong>Водитель-курьер с ежедневной оплатой от 4000 руб/день на карту. Самые активные курьеры зарабатывают в среднем 120т.р./мес</strong></p> <p> </p> <p>✅ <strong>Условия:</strong></p> <ul> <li><strong>Доход в среднем 300-500 руб в час;</strong></li> <li><strong>Свободная форма одежды;</strong></li> <li>Можно работать без опыта работы;</li> <li>Полностью <strong>свободный график</strong>, работайте в любое время;</li> <li><strong>Все</strong> <strong>заказы уже оплачены</strong>, не нужно работать с деньгами;</li> <li><strong>Возможность совместительства с учебой или другой работой</strong>. Заказы есть круглосуточно (по выходным и будням, утреннее, дневное, вечернее, ночное время)</li> </ul> <p>✅ <strong>Обязанности</strong>:</p> <ul> <li>Осуществление доставки небольших посылок, еды, документов, цветов, вес груза до 20 кг на автомобиле;</li> <li>Работа с программой, установленной на смартфон;</li> <li>Выполнение заявок по стандартам сервиса.</li> </ul> <p>✅ <strong>Требования</strong>:</p> <ul> <li>Устройство на базе Android;</li> <li>Любое гражданство;</li> <li>Наличие личного или арендованного автомобиля.</li> <li><strong>Год и состояние авто неважно</strong>. Стаж вождения не важен.</li> </ul> <p> </p> <p><strong>Приветствуем опыт работы:</strong></p> <p><em>В фирмах доставки грузов: Яндекс еда го go, Delivery Club, деливери клаб, Почта России, сбермаркет, яндекс маркет, достависта, dostavista, додо пицца, самокат, ozon, Wildberries. На должностях: водитель категории B C Б, экспедитор, курьер, такси, водитель такси.</em></p> <p><em>В такси: gett гетт, uber убер, ситимобил, didi диди, яндекс.</em></p>', 'Водитель-курьер на личном автомобиле', '2022-05-13 08:34:27', 'RUR', '70000', '110000', 'Устройство на базе Android. Любое гражданство. Наличие личного или арендованного автомобиля. Год и состояние авто неважно. Стаж вождения не важен.', 'Осуществление доставки небольших посылок, еды, документов, цветов, вес груза до 20 кг на автомобиле. Работа с программой, установленной на смартфон. ', 4, 'noExperience'),
(55054830, '<strong>Обязанности:</strong> <ul> <li>Установка и настройка ПО;</li> <li>Мониторинг своевременного обновления ПО;</li> <li>Обеспечение информационной безопасности;</li> <li>Сетевая настройка и настройка сетевого оборудования;</li> <li>Настройка удаленного доступа;</li> <li>Создание/редактирование учетных записей пользователей;</li> <li>Настройка оборудования пользователей на рабочих местах;</li> <li>Настройка IP-телефонии;</li> <li>Работа по заявкам внутренних пользователей</li> </ul> <strong>Требования:</strong> <ul> <li> <p>Коммуникативные навыки: умение понять пользователя и объяснить, что именно требуется сделать для решение проблемы;</p> </li> <li> <p>Знание принципов работы клиент-серверной схемы работы 1С;</p> </li> <li> <p>Знание MS Exchange (корпоративная почта);</p> </li> <li> <p>Понимание сетей (TCP/UDP, NAT, DHCP, DNS)</p> </li> <li> <p>Понимание и опыт работы Windows Server (Политики, Резервное копирование, Сетевые диски, Права, Hyper-V, Active Directory)</p> </li> <li> <p>Понимание и опыт работы Windows (7-10) (Настройка, Траблшутинг)</p> </li> <li> <p>Опыт с БД (1С, MS SQL) (Желательно)</p> </li> <li> <p>Опыт с Mikrotik (Желательно)</p> </li> <li> <p>Опыт работы с Bitrix (Желательно)</p> </li> <li> <p>Опыт работы с Asterisk (FreePBX) (Желательно)</p> </li> </ul> <strong>Условия:</strong> <ul> <li>официальное трудоустройство;</li> <li>заработная плата обсуждается индивидуально и зависит от ваших компетенций.</li> </ul>', 'Системный администратор', '2022-05-13 11:40:59', 'RUR', '50000', '100000', 'Коммуникативные навыки: умение понять пользователя и объяснить, что именно требуется сделать для решение проблемы. Знание принципов работы клиент-серверной схемы...', 'Установка и настройка ПО. Мониторинг своевременного обновления ПО. Обеспечение информационной безопасности. Сетевая настройка и настройка сетевого оборудования. Настройка удаленного доступа. ', 4, 'between1And3'),
(55170538, '<p><strong>СберМаркет — </strong>крупный онлайн-сервис, который помогает делать покупки, не выходя из дома. Среди наших партнеров торговые сети: <strong>METRO, ЛЕНТА, АШАН, О’КЕЙ, Твой Дом </strong>и многие другие. Всего с компанией сотрудничают уже <strong>54 федеральных и региональных ритейлеров. </strong>Мы входим в крупнейшую в России<strong> экосистему Сбера.</strong></p> <p>Мы приглашаем к сотрудничеству<strong> водителей - курьеров для доставки онлайн-заказов нашим клиентам!</strong></p> <p><strong>Твои обязанности:</strong></p> <ul> <li> <p>своевременно доставлять собранные заказы от магазина до двери клиента</p> </li> <li> <p>оказывать высокий уровень сервиса</p> </li> </ul> <p><strong>Наши условия:</strong></p> <ul> <li> <p>сотрудничество по договору оказания услуг (самозанятость)</p> </li> <li> <p>гибкий график работы</p> </li> <li> <p>еженедельные выплаты на банковскую карту</p> </li> <li> <p>возможность влиять на свой доход за счет дополнительных выходов</p> </li> <li> <p>помощь опытного наставника, который всему научит</p> </li> <li> <p>стильная брендированная форма</p> </li> <li> <p>возможность карьерного роста, как внутри направления, так и в других подразделениях компании</p> </li> </ul> <p><strong>Наши требования:</strong></p> <ul> <li> <p>наличие легкового автомобиля и прав категории В</p> </li> <li> <p>наличие медицинской книжки (если ее нет, оказываем помощь в оформлении)</p> </li> <li> <p>наличие телефона или планшета на платформе Android</p> </li> </ul> <p>Будет здорово, если есть опыт работы, к примеру, в таких крупных сетях как Самокат, Магнит, Пятёрочка, Перекресток, Дикси, Лента, Ашан, Глобус, ОКЕЙ, Детский Мир, Спорт Мастер, Летуаль, Леруа Мерлен. Но это совсем не обязательно.</p> <p><strong>Скорее отправляй отклик, звони и становись частью огромной дружной команды Сбермаркет!</strong></p> <p> </p>', 'Авто-курьер на доставку заказов', '2022-05-06 16:05:58', 'RUR', '38000', '60000', 'Наличие легкового автомобиля и прав категории В. Наличие медицинской книжки (если ее нет, оказываем помощь в оформлении). Наличие телефона или...', 'Своевременно доставлять собранные заказы от магазина до двери клиента. Оказывать высокий уровень сервиса.', 4, 'noExperience'),
(55170552, '<p><strong>СберМаркет — </strong>крупный онлайн-сервис, который помогает делать покупки, не выходя из дома. Среди наших партнеров торговые сети:<strong> METRO, ЛЕНТА, АШАН, О’КЕЙ, Твой Дом </strong>и многие другие. Всего с компанией сотрудничают уже <strong>54 федеральных и региональных ритейлеров. </strong>Мы входим в крупнейшую в России<strong> экосистему Сбера.</strong></p> <p>Мы приглашаем к сотрудничеству <strong>Специалистов по сборке и доставке заказов для клиентов!</strong></p> <p><strong>Что делаешь ты:</strong></p> <ul> <li> <p>собираешь заказы в соответствии со списком товаров на территории магазина по мобильному приложению</p> </li> <li> <p>при необходимости созваниваешься с клиентами по вопросам заказа</p> </li> <li> <p>доставляешь заказы от магазина до двери клиента (зона доставки до 3 км от торговой точки)</p> </li> </ul> <p><strong>Что предлагаем мы:</strong></p> <ul> <li> <p>выбрать ближайший магазин к твоему дому</p> </li> <li> <p>сотрудничество по договору оказания услуг (самозанятость)</p> </li> <li> <p>гибкий график работы</p> </li> <li> <p>еженедельные выплаты на банковскую карту</p> </li> <li> <p>возможность влиять на свой доход за счет дополнительных выходов</p> </li> <li> <p>помощь опытного наставника, который всему научит</p> </li> <li> <p>стильную брендированную форму</p> </li> <li> <p>возможность карьерного роста, как внутри направления, так и в других подразделениях компании</p> </li> </ul> <p><strong>Что ждем от тебя:</strong></p> <ul> <li> <p>наличие медицинской книжки (если ее нет, оказываем помощь в оформлении)</p> </li> <li> <p>наличие телефона или планшета на платформе Android</p> </li> </ul> <p>Будет здорово, если есть опыт работы, к примеру, в таких крупных сетях как Самокат, Яндекс.Маркет, Магнит, Пятёрочка, Перекресток, Дикси, Лента, Ашан, Глобус, ОКЕЙ, Детский Мир, Спорт Мастер, Летуаль, Леруа Мерлен, Деливери клаб . Но это совсем не обязательно.</p> <p># сборщик # комплектовщик # комплектовщик_заказов # сборщик_заказов # специалист_по_сборке # еженедельные_выплаты # без_опыта #сборщик_заказов_для интернет_магазина, # сборщик_заказов_в_гипермаркете # комплектовщик-наборщик_заказов # комплектовщик_онлайн_заказов # курьер # пеший_курьер # доставщик # доставщик_заказов # специалист_по_доставке # подработка</p> <p><strong>Скорее отправляй отклик, звони и становись частью огромной дружной команды Сбермаркет!</strong></p> <p> </p>', 'Комплектовщик-курьер заказов клиентов', '2022-05-11 22:24:41', 'RUR', '36000', '39000', 'Наличие медицинской книжки (если ее нет, оказываем помощь в оформлении). Наличие телефона или планшета на платформе Android.', 'Собираешь заказы в соответствии со списком товаров на территории магазина по мобильному приложению. При необходимости созваниваешься с клиентами по вопросам...', 4, 'noExperience'),
(55179685, '<p><strong>В ультрасовременном фитнес-проекте компании EDGE PREMIUM FITNESS CLUB, открыта вакансия <em>Системный администратор</em></strong></p> <p><strong>Обязанности:</strong></p> <ul> <li>Обеспечение и реализация бесперебойной работы ИТ-инфраструктуры клуба, в т.ч. серверного и цифрового оборудования, а также информационных систем.</li> <li>Сопровождение 1С: Фитнес Клуб: - анализ потребностей бизнес-процессов предприятия; постановка задач, составление технических заданий; контроль хода выполнения задач и сроков по реализации.</li> <li>Регламентное обновление типовых конфигураций 1С Бухгалтерия и 1С ЗУП.</li> <li>Контроль работы систем резервного копирования.</li> <li>Оказание технической и консультационной поддержки сотрудников по взаимодействию с ИТ-инфраструктурой клуба.</li> <li>Организация и контроль выполнения подрядчиками программно-технических услуг по обслуживанию ИТ-инфраструктуры предприятия. Сопровождение договоров и контроль документооборота.</li> <li>Оперативное решение возникающих нестандартных ситуаций.</li> </ul> <p><strong>Требования:</strong></p> <ul> <li>Опыт участия в процессе сопровождения функционала 1С. Умение на основе собранных данных выявить цели и задачи, а также определить план по внедрению новых интеграций.</li> <li>Опыт работы с сетевыми системами хранения данных.</li> <li>Опыт работы в администрировании физических АТС.</li> <li>Опыт управления проектами и полного контроля подрядных компаний: проектирование и прокладка слаботочных систем СКС, СКУД, Видеонаблюдение, мультимедийные системы (аудио и видео трансляции).</li> <li>Опыт администрирования 1С: бух, ЗуП, Фитнес клуб и баз данных на SQL Server 2014.</li> <li>Опыт работы с активным сетевым оборудованием, управляемыми коммутаторами Ubiquity.</li> <li>Опыт настройки внешнего торгового оборудования для 1С (ККМ, эквайринговые терминалы, считыватели магнитных карт.).</li> <li>Опыт администрирования Windows Server 2008 и 2012 (AD, конфигурирование GPO, DNS, DHCP, DPM, WSUS, центр сертификации MS и т.д.) 5 физ. серверов.</li> </ul> <p><strong>Условия:</strong></p> <ul> <li>Профессиональная команда</li> <li>Социальная защищённость</li> <li>Возможность бесплатно тренироваться в самом модном и престижном фитнес-клубе города</li> <li>Офис: проспект К.Маркса</li> <li>Полная занятость с графиком 5/2.</li> <li>Оформление в соответствии с ТК РФ</li> <li>Первый месяц работы осуществляется под наставничеством действующего системного администратора, при успешной передаче дел, самостоятельное выполнение обязанностей</li> </ul> <p>Резюме без фото не рассматриваются!</p> <p>Если Вы уверены в себе, готовы работать, расти и хотите стать частью команды EDGE PREMIUM FITNESS, то в сопроводительном письме необходимо написать: &quot;Я подхожу на данную должность, потому что ...&quot; - написать почему именно Вы.</p>', 'Системный администратор', '2022-05-13 13:24:14', 'RUR', '60000', '70000', 'Опыт участия в процессе сопровождения функционала 1С. Умение на основе собранных данных выявить цели и задачи, а также определить...', 'Обеспечение и реализация бесперебойной работы ИТ-инфраструктуры клуба, в т.ч. серверного и цифрового оборудования, а также информационных систем. ', 4, 'between3And6'),
(55191311, '<p><strong>В сеть ресторанов требуется водитель-курьер!<br /><br />Что мы предлагаем:</strong></p> <ul> <li><strong>График работы свободный! </strong>(можно совмещать с учебой/работой);</li> <li>Доход за смену от <strong>3000</strong> руб.;</li> <li>Оформление по договору ГПХ или через самозанятость;</li> <li>Возможность выбрать удобный для себя район</li> <li>Доставка в радиусе от 1-5 км, в локации одного района</li> <li>Корпоративные скидки - Вы сможете заказывать еду с приятным эксклюзивными скидками!</li> <li>Гарантированный доход ЕЖЕНЕДЕЛЬНО;</li> </ul> <p><strong>Обязанности:</strong></p> <ul> <li>Доставлять заказы до квартиры покупателя;</li> <li>Все заказы уже оплачены, вам необходимо только доставить заказ.</li> <li>Работать через приложение.</li> </ul> <p><strong>Требования:</strong></p> <ul> <li>Смартфон на Андроид;</li> <li>Наличие или готовность сделать мед. книжку</li> </ul> <p><strong>Вакансия свободна, откликайтесь, звоните и узнавайте подробности!</strong></p>', 'Водитель-курьер', '2022-05-11 16:30:49', 'RUR', '40000', '70000', 'Смартфон на Андроид. Наличие или готовность сделать мед. книжку.', 'Доставлять заказы до квартиры покупателя. Все заказы уже оплачены, вам необходимо только доставить заказ. Работать через приложение.', 4, 'noExperience'),
(55236741, '<p>Вакансия курьера-менеджера в интернет магазин Новосибирска.</p> <p>Требуемый опыт работы: не требуется</p> <p>Полная занятость, полный день</p> <p>ЗП от 30 000 до вычета налогов</p> <p>Интернет Магазин Кантата находится по адресу Бориса Богаткова, д 210/1.</p> <p><strong>«Кантата»</strong> – это международная сеть галерей с уникальным ассортиментом: чай, кофе, десерты собственного производства. <strong>«Кантата»</strong> – это про талантливых людей! Уже почти 20 лет мы работаем честно и с удовольствием, в компании единомышленников. Работа в «Кантате» отличается от любой другой: мы каждый день создаём особую дружелюбную атмосферу для себя и своих гостей, меняем их день, влюбляемся сами и влюбляем других в свой продукт!</p> <p>Огромное количество преданных гостей и галереи в разных странах мира – лучшее доказательство, что мы идем правильной дорогой!</p> <p><strong>Кого мы ищем:</strong></p> <p>Мы ищем проактивных, амбициозных, целеустремленных людей для того, чтобы наша команда стала еще более результативнее и эффективнее.</p> <p><strong>Условия работы:</strong></p> <ul> <li>График плавающий, учитываются пожелания выходных</li> <li>Соц пакет и официальное оформление по ТК</li> <li>Скидка на продукцию Кантаты и O&amp;V</li> <li>Работа в яркой команде</li> <li>Зарплата состоит из ставки в час, премии от оборота.</li> </ul> <p><strong>Функционал:</strong></p> <ul> <li>Обработка поступивших заказов в интернет-магазине</li> <li>Прием входящих звонков от гостей, обработка заказов по телефону</li> <li>Сбор заказов</li> <li>Проверка комплектации заказа перед доставкой</li> <li>Развоз заказов по адресам (на личном автомобиле)</li> <li>Работа по маршрутному листу (планирование маршрута)</li> <li>Прием оплат</li> <li>Без продаж</li> </ul> <p><strong>Требования:</strong></p> <ul> <li>Внимательность, ответственность, логическое мышление</li> <li>Активная жизненная позиция</li> <li>Высокая работоспособность</li> <li>Желание расти и развиваться</li> <li>Работа в команде</li> <li>Наличие прав категории В</li> <li>Наличие личного авто</li> </ul> <p><strong>Что для нас важно: </strong></p> <ol> <li>Ответственность и желание учиться новому;</li> <li>Внимательность и бережность при сборке заказов и их доставке;</li> <li>Высокая производительность в работе;</li> <li>Позитивный настрой на работу в условиях высокой нагрузки;</li> <li>Желание работать в команде</li> </ol> <p> </p> <p>В случае положительного решения по собеседованию предусматривается стажировка с дальнейшим оформлением по ТК.</p> <p> </p> <p> </p>', 'Менеджер-Курьер интернет магазина (чай, кофе, сладости)', '2022-05-15 09:45:20', 'RUR', '30000', '40000', 'Внимательность, ответственность, логическое мышление. Активная жизненная позиция. Высокая работоспособность. Желание расти и развиваться. Работа в команде. Наличие прав категории В. ', 'Обработка поступивших заказов в интернет-магазине. Прием входящих звонков от гостей, обработка заказов по телефону. Сбор заказов. Проверка комплектации заказа...', 4, 'noExperience'),
(55281217, '<p><strong>Доставка от Яндекс</strong> - Открывает набор водителей-курьеров на личном авто со свободным графиком и хорошими условиями работы. Что нужно доставлять? В основном это документы, а так же заказы от партнеров Delivery club, Озон, Связной и так далее.</p> <p><strong>Требования:</strong></p> <ul> <li>Стаж вождения - от 0 лет.</li> <li>Любой автомобиль, марка и год неважны.</li> <li>Телефон или планшет на базе android ( ios только для такси)</li> </ul> <p><strong>Условия:</strong></p> <ul> <li>Средняя стоимость одного заказа <strong>300р</strong></li> <li>Моментальный вывод оплаты на карту в любое время через приложение.</li> <li>Работа в своём районе.</li> <li>Свободный график - можно совмещать с основной работой.</li> <li>Заказы заранее оплачены по безналу.</li> <li>Форма одежды свободная!</li> </ul> <p><strong>Обязанности:</strong></p> <ul> <li>Доставка посылок, документов, товаров на своём автомобиле.</li> <li>Как проходит работа:</li> <li>Заказы поступают через удобное мобильное приложение.</li> <li>Когда у Вас появляется свободное время, заходите в приложение , приложение определяет вашу гео-позицию и назначает ближайший к Вам заказ, вы видите всю информацию о заказе, откуда нужно забрать и куда отвезти, так же категорию заказа (посылку, документы и т.д.).</li> <li>Нет никаких требований ко времени нахождения на работе, вы можете работать раз в неделю , раз в день, график работы абсолютно свободный.</li> <li>В час в среднем курьер выполняет около 2 заказа, за смену 9-10 часов можно выполнить 20 заказов.</li> </ul> <p> </p> <p><strong>Оплату за выполненные заказы Вы получаете сразу после завершения заказа.</strong></p> <p> </p> <p>Как происходит процесс <strong>подключения</strong> к Яндекс доставка:</p> <p>Оставьте отклик или напишите в <strong>WhatsAp</strong>p с пометкой <strong>&quot;Хочу стать водителем-курьером&quot;.</strong></p> <p>Необходимо отправить документы в любой из мессенджеров менеджера (номер в контактах). Документы: стс ( свидетельство регистрации авто) и водительское удостоверение.<br />Менеджер отправит вам информацию, необходимую для работы.<br />Проходите небольшое обучение, включаете приложение и принимаете заказы.<br />Оплату вы получаете сразу после выполнения заказа.</p> <p>P.S Если у вас стаж вождения более 3х лет и проходит авто, то вы также можете выполнять заказы с пассажирами (ПО ЖЕЛАНИЮ!!). Доход в пассажироперевозках выше.</p>', 'Водитель-курьер на личном автомобиле', '2022-05-11 11:42:48', 'RUR', '55000', '110000', 'Стаж вождения - от 0 лет. Любой автомобиль, марка и год неважны. Необходимо отправить документы в любой из мессенджеров менеджера (номер...', 'Телефон или планшет на базе android ( ios только для такси). Заказы заранее оплачены по безналу. Доставка посылок, документов, товаров на...', 4, 'noExperience'),
(55296490, '<strong>Обязанности:</strong> <ul> <li>Развоз счетов клиентам</li> <li>Обследование объектов</li> </ul> <strong>Требования:</strong> <ul> <li>Пунктуальность</li> <li>Вежливость</li> </ul> <strong>Условия:</strong> <ul> <li>Официальное трудоустройство</li> <li>Полный соцпакет</li> <li>Материальная помощь один раз в год</li> <li>Премия по итогам года</li> </ul>', 'Инспектор (курьер)', '2022-05-11 15:38:43', 'RUR', '14000', '15000', 'Пунктуальность. Вежливость.', 'Развоз счетов клиентам. Обследование объектов.', 4, 'noExperience'),
(55305780, '<p>Уважаемые соискатели, прошу внимательно прочитать условия вакансии!<br />ООО «АККОРД» - официальный партнер сервиса Самокат приглашает к сотрудничеству курьеров на Электровелосипеде.<br />Свободный график, зарплата каждую неделю.<br />• Мы подберем DarkStore (склад) в пешей доступности от твоего дома;<br />• Более 50% директоров DarkStore (склад) начинали с курьерской доставки;<br />• Доход - не зависит от количества заказов;<br />• Доставка в радиусе от 1-5 км, в локации одного района.<br />Обязанности:<br />• Доставка товаров (продукты) до квартиры покупателя;<br />• Требования минимальные: готовность к физической нагрузке и желание стабильного дохода, наличие телефона на базе Android<br />• Навык быстрой ориентации в пространстве, на местности;<br />• Все заказы уже оплачены, вам необходимо только доставить заказ.<br />Условия:<br />• Гарантированный доход ЕЖЕНЕДЕЛЬНО;<br />• Совмещай с учебой или с работой. Выбирай удобное время для доставок, слоты от 2 до 16 часов в день;<br />• Мы заботимся о комфорте и безопасности курьеров! Каждому предоставляется бесплатная страховка от несчастных случаев во время выполнения заказов.<br />У нас ты можешь:<br />• Быстро расти!<br />• Планировать свое время!<br />• Получать доход без штрафов!<br />• Быть в команде профессионалов!<br />• Выбирать удобный тебе район!<br />• Отдыхать и обедать в комфортных условиях!</p>', 'Курьер', '2022-05-11 17:59:16', 'RUR', '30000', '80000', 'Требования минимальные: готовность к физической нагрузке и желание стабильного дохода, наличие телефона на базе Android. Навык быстрой ориентации в пространстве...', 'Более 50% директоров DarkStore (склад) начинали с курьерской доставки. Доставка товаров (продукты) до квартиры покупателя. Все заказы уже оплачены, вам...', 4, 'noExperience'),
(55334176, '<p>Уважаемые соискатели, прошу внимательно прочитать условия вакансии!<br />ООО «АККОРД» - официальный партнер сервиса Самокат приглашает к сотрудничеству курьеров.<br />Свободный график, зарплата каждую неделю.<br />• Мы подберем DarkStore (склад) в пешей доступности от твоего дома;<br />• Более 50% директоров DarkStore (склад) начинали с курьерской доставки;<br />• Доход - не зависит от количества заказов;<br />• Доставка в радиусе от 1-5 км, в локации одного района.<br />Обязанности:<br />• Доставка товаров (продукты) до квартиры покупателя;<br />• Требования минимальные: готовность к физической нагрузке и желание стабильного дохода, наличие телефона на базе Android<br />• Навык быстрой ориентации в пространстве, на местности;<br />• Все заказы уже оплачены, вам необходимо только доставить заказ.<br />Условия:<br />• Гарантированный доход ЕЖЕНЕДЕЛЬНО;<br />• Совмещай с учебой или с работой. Выбирай удобное время для доставок, слоты от 2 до 16 часов в день;<br />• Мы заботимся о комфорте и безопасности курьеров! Каждому предоставляется бесплатная страховка от несчастных случаев во время выполнения заказов.<br />У нас ты можешь:<br />• Быстро расти!<br />• Планировать свое время!<br />• Получать доход без штрафов!<br />• Быть в команде профессионалов!<br />• Выбирать удобный тебе район!<br />• Отдыхать и обедать в комфортных условиях!</p>', 'Курьер', '2022-05-12 14:46:14', 'RUR', '30000', '80000', 'Требования минимальные: готовность к физической нагрузке и желание стабильного дохода, наличие телефона на базе Android. Навык быстрой ориентации в пространстве...', 'Более 50% директоров DarkStore (склад) начинали с курьерской доставки. Доставка товаров (продукты) до квартиры покупателя. Все заказы уже оплачены, вам...', 4, 'noExperience'),
(55340307, '<strong>Обязанности:</strong> <ul> <li> <p>техническая поддержка сотрудников (~100 пользователей и ~ 150​ компьютеров)</p> </li> <li> <p>​диагностика и обслуживание компьютеров и принтеров</p> </li> <li> <p>​подготовка новых рабочих мест</p> </li> <li> <p>подбор комплектующих под разные задачи</p> </li> <li> <p>установка и настройка Windows, ПО</p> </li> </ul> <p> </p> <strong>Требования:</strong> <ul> <li> <p>опыт работы с семейством ОС Windows (Windows 7-10, Windows Server 2016-2019)</p> </li> <li> <p>​базовые навыки администрирования Active Directory в связке с DNS, DHCP</p> </li> <li> <p>​знание основных сетевых технологий</p> </li> <li> <p>знание компьютерного железа</p> </li> <li> <p>приветствуется опыт работы с сетевым оборудованием (маршрутизаторами и сетевыми коммутаторами)</p> </li> <li> <p>опыт работы с Linux приветствуется</p> </li> </ul> <p> </p> <strong>Условия:</strong> <ul> <li>полный соц. пакет</li> <li>​график работы с 8.00 до 17.00ч.</li> <li>​питание</li> <li>служебный транспорт</li> <li>работа в команде</li> </ul> <p> </p>', 'Системный администратор Windows', '2022-05-12 16:25:51', 'RUR', '30000', '50000', 'Опыт работы с семейством ОС Windows (Windows 7-10, Windows Server 2016-2019). ​базовые навыки администрирования Active Directory в связке...', 'Техническая поддержка сотрудников (100 пользователей и  150​ компьютеров). ​диагностика и обслуживание компьютеров и принтеров. ​подготовка новых рабочих мест. ', 4, 'between1And3'),
(55371206, '<p><strong>Ваши задачи</strong></p> <ul> <li>Работа в Отделе ИТ;</li> <li>Участие в ИТ-проектах федерального значения;</li> <li>Общение с пользователями по телефону, электронной почте и через систему Сервис-деск;</li> <li>Оказание консультаций по работе с информационными системами (1С и не только), настройка рабочих мест;</li> <li>Администрирование ИТ-инфраструктуры офисов и магазинов (маршрутизаторы Mikrotik, Active Directory, файловый сервер), взаимодействие с центральной техподдержкой.</li> <li>Открытие новых магазинов (в части ИТ оборудования)</li> </ul> <p><strong>Будет плюсом</strong></p> <ul> <li>Культурно общаешься, имеешь хорошую дикцию;</li> <li>Имеешь опыт работы в технической поддержке;</li> <li>Имеешь опыт монтажа ЛВС</li> <li>Знаком с Zabbix, Kaspersky Security Center</li> <li>Умеешь самостоятельно находить решения технических задач, привык работать на результат и готов идти к нему в команде. В масштабных проектах не справиться в одиночку, поэтому мы ценим взаимовыручку и готовность поддержать коллег;</li> <li>Готов изучать новые практики, наращивать экспертизу.</li> </ul> <p><strong>Мы предлагаем</strong></p> <ul> <li>Работы в крупной федеральной компании;</li> <li>График работы: 5/2 с 8:00 до 17:00;</li> <li>Переработки и дежурства компенсируются отдельно;</li> <li>Конкурентный уровень дохода;</li> <li>Профессиональное развитие;</li> <li>Прокачивай свою экспертизу через участие в сложных проектах;</li> </ul> <p>- Здоровую рабочую атмосферу в команде. Мы готовы к изменениям и прислушиваемся к мнению каждого.</p> <p> </p>', 'Системный администратор', '2022-05-13 15:03:11', 'RUR', '40000', '55000', 'Культурно общаешься, имеешь хорошую дикцию. Имеешь опыт работы в технической поддержке. Имеешь опыт монтажа ЛВС. Знаком с Zabbix, Kaspersky Security...', 'Работа в Отделе ИТ. Участие в ИТ-проектах федерального значения. Общение с пользователями по телефону, электронной почте и через систему...', 4, 'between3And6'),
(55371514, '<p><strong>Группа компаний &quot;Мать и дитя&quot; (ООО &quot;Сибирская сервисная компания&quot;) приглашает в свою команду Старшего системного администратора.</strong></p> <p><strong>Какие задачи предстоит решать:</strong></p> <ul> <li>Администрирование серверов HPE (Windows Server, AD, DHCP, DNS, GP, RDS, Hyper-V);</li> <li>Администрирование (поддержка) сетевого оборудования CISCO;</li> <li>Проекты по поддержке и развитию ИТ инфраструктуры.</li> <li>Поддержка пользователей: вторая и третья линия;</li> <li>Администрирование средств организации шифрованных каналов передачи данных (гос.органы).</li> </ul> <strong>Наши пожелания:</strong> <ul> <li>Глубокое знание ОС Windows Server;</li> <li>Глубокое знания доменной структуры, AD,TCP/IP;</li> <li>Знание принципа построения сетей, работа с сетевой инфраструктурой, с активным сетевым оборудованием;</li> <li>Знание приложений Skype for Buisiness, Kaspersky, MS Exchange, MS SQL;</li> <li>Опыт работы от 3х лет (опыт в ИТ-поддержке больших компаний приветствуется);</li> <li>Четкое следование корпоративным стандартам ГК.</li> </ul> <p><strong>Мы предлагаем:</strong></p> <ul> <li>Работа в Группе компаний &quot;Мать и дитя&quot; - самой динамично развивающейся частной медицинской сети в России.</li> <li>Соблюдение ТК РФ (официальная зарплата, оплачиваемый отпуск, больничный).</li> <li>Льготное медицинское обслуживание в клиниках &quot;Мать и дитя&quot;.</li> <li>Комфортные условия труда.</li> <li>Обучение и развитие в Компании.</li> <li>Дружный коллектив единомышленников.</li> <li>График работы: пятидневная 40-часовая рабочая неделя.</li> <li>Место работы: ул. Октябрьская, д. 42, БЦ &quot; На Октябрьской&quot;.</li> </ul> <p><strong>Ждем в команду именно Вас!</strong></p>', 'Старший системный администратор', '2022-05-13 15:09:04', 'RUR', '59000', '59000', 'Глубокое знание ОС Windows Server. Глубокое знания доменной структуры, AD,TCP/IP. Знание принципа построения сетей, работа с сетевой инфраструктурой...', 'Администрирование серверов HPE (Windows Server, AD, DHCP, DNS, GP, RDS, Hyper-V). Администрирование (поддержка) сетевого оборудования CISCO. Проекты по поддержке...', 4, 'between3And6');

-- --------------------------------------------------------

--
-- Table structure for table `vacancies_skills`
--

CREATE TABLE `vacancies_skills` (
  `id_vacancy` bigint(20) NOT NULL,
  `id_skill` varchar(40) NOT NULL
) ENGINE=InnoDB DEFAULT CHARSET=utf8;

--
-- Dumping data for table `vacancies_skills`
--

INSERT INTO `vacancies_skills` (`id_vacancy`, `id_skill`) VALUES
(45722953, 'Грамотная речь'),
(45722953, 'Работа в команде'),
(45722953, 'Умение работать в команде'),
(48246676, 'Водительское удостоверение категории B'),
(48246676, 'Знание устройства автомобиля'),
(48246676, 'Мобильность'),
(48246676, 'Пользователь ПК'),
(51091599, 'Грамотная речь'),
(51091599, 'Знание города'),
(51567644, 'входящие звонки'),
(51567644, 'Деловая переписка'),
(51567644, 'Деловое общение'),
(51567644, 'Прием и распределение телефонных звонков'),
(52163126, 'Виртуализация'),
(52163126, 'Системное администрирование'),
(54192510, 'Linux'),
(54192510, 'Английский язык'),
(54192510, 'Грамотность'),
(54192510, 'Системное мышление'),
(54192510, 'Стремление к профессиональному развитию'),
(54192720, 'Active Directory'),
(54192720, 'Hyper-V'),
(54192720, 'Windows Server'),
(54608547, 'Ansible'),
(54608547, 'AWS'),
(54608547, 'CI/CD'),
(54608547, 'devops'),
(54608547, 'Docker'),
(54608547, 'Linux'),
(54608547, 'Terraform'),
(54608547, 'Автоматизация технологических процессов'),
(54608547, 'Администрирование'),
(54608547, 'Деловая коммуникация'),
(54608547, 'Руководство коллективом'),
(54608547, 'Тестирование'),
(54608547, 'Управление персоналом'),
(54608597, 'Active Directory'),
(54608597, 'Ms Exchange Server'),
(54608597, 'Windows Server 2003'),
(54608597, 'Администрирование серверов Windows'),
(54608597, 'Администрирование сетевого оборудования'),
(54727076, 'Active Directory'),
(54727076, 'Asterisk'),
(54727076, 'esxi'),
(54727076, 'Mikrotik'),
(54727076, 'proxmox'),
(54727076, 'VPN'),
(54869699, 'Грамотная речь'),
(54869699, 'Знание города'),
(54878883, 'Helpdesk'),
(54878883, 'Windows 7'),
(54878883, 'Локальные сети'),
(54878883, 'Настройка ПК'),
(54878883, 'Настройка ПО'),
(54878883, 'Работа в команде'),
(54878883, 'Расстановка приоритетов'),
(54879253, '1С: Предприятие 8'),
(54879253, 'Active Directory'),
(54879253, 'Asterisk'),
(54879253, 'DHCP'),
(54879253, 'Linux'),
(54879253, 'TCP/IP'),
(54879253, 'VPN'),
(54879253, 'Администрирование'),
(54879253, 'Администрирование серверов Windows'),
(54879253, 'Администрирование сетевого оборудования'),
(54879253, 'Настройка ПК'),
(54879253, 'Настройка почтовых серверов'),
(54879253, 'Обеспечение антивирусной защиты'),
(54903364, 'Android'),
(54903364, 'Курьер'),
(54903364, 'Логистика'),
(54966456, 'Active Directory'),
(54966456, 'Mikrotik'),
(54966456, 'MS SQL'),
(54966456, 'MS Windows'),
(54966456, 'Unix'),
(54966456, 'VPN'),
(54966456, 'Администрирование серверов Windows'),
(54966456, 'Администрирование сетевого оборудования'),
(54966456, 'Настройка сетевых подключений'),
(54966456, 'Системное мышление'),
(55041159, 'Windows 7'),
(55041159, 'Бесконфликтность'),
(55041159, 'Ведение телефонных переговоров'),
(55041159, 'Легкообучаемый'),
(55041159, 'Опытный пользователь ПК'),
(55041159, 'Стремление к профессиональному росту'),
(55041159, 'Установка Windows'),
(55054830, 'Mail Server'),
(55054830, 'Office'),
(55054830, 'SQL Server'),
(55054830, 'TCP/IP'),
(55054830, 'Администрирование'),
(55054830, 'Администрирование Windows'),
(55054830, 'Работа в условиях многозадачности'),
(55054830, 'Системный администратор'),
(55055464, 'Водительское удостоверение категории B'),
(55055464, 'Грамотная речь'),
(55055464, 'Курьер'),
(55055464, 'Работа в команде'),
(55170538, 'водитель-курьер'),
(55179685, '1С программирование'),
(55179685, '1С: Бухгалтерия'),
(55179685, '1С: Предприятие 8'),
(55179685, 'Active Directory'),
(55179685, 'DHCP'),
(55179685, 'GPO'),
(55179685, 'SQL Server'),
(55179685, 'Администрирование 1С'),
(55179685, 'Администрирование серверов Windows'),
(55179685, 'Администрирование сетевого оборудования'),
(55179685, 'Обновление конфигурации 1С'),
(55179685, 'Первичная бухгалтерская документация'),
(55179685, 'Работа в команде'),
(55179685, 'Системы видеонаблюдения'),
(55179685, 'СКУД'),
(55200171, 'Вежливость'),
(55200171, 'Выдача заказов'),
(55200171, 'Карьерный рост'),
(55200171, 'Контроль качества'),
(55200171, 'Обслуживание покупателей'),
(55200171, 'Обучение и развитие'),
(55200171, 'Общественное питание'),
(55200171, 'Ответственность'),
(55200171, 'Пунктуальность'),
(55200171, 'Работа с людьми'),
(55200171, 'Умение работать в команде'),
(55215040, 'Active Directory'),
(55215040, 'DHCP'),
(55215040, 'Hyper-V'),
(55215040, 'Windows Server 2003'),
(55215040, 'Настройка DNS'),
(55236741, 'Грамотная речь'),
(55236741, 'Дружелюбность'),
(55236741, 'Желание расти и развиваться'),
(55236741, 'Знание города'),
(55236741, 'Логическое мышление'),
(55236741, 'Ориентация на результат'),
(55236741, 'оформление документации'),
(55236741, 'оформление заказов'),
(55236741, 'Позитивный настрой'),
(55236741, 'Поиск информации в интернет'),
(55236741, 'Продажи через интернет'),
(55236741, 'Точность и внимательность к деталям'),
(55236741, 'Уверенный пользователь ПК'),
(55236741, 'Умение работать в команде'),
(55236741, 'Управление временем'),
(55285403, 'Водительское удостоверение категории B'),
(55285403, 'Водительское удостоверение категории BC'),
(55285403, 'Вождение автомобилей представительского '),
(55285403, 'Знание устройства автомобиля'),
(55296490, 'Грамотная речь'),
(55296490, 'Деловое общение'),
(55296490, 'Пользователь ПК'),
(55296490, 'Работа в команде'),
(55324964, 'Windows 7'),
(55324964, 'Администрирование сетевого оборудования'),
(55324964, 'Диагностика'),
(55324964, 'Настройка ПК'),
(55324964, 'Настройка ПО'),
(55324964, 'Настройка сетевых подключений'),
(55324964, 'Ремонт ПК'),
(55324964, 'Сборка ПК'),
(55340307, 'Настройка ПК'),
(55340307, 'Настройка ПО'),
(55340307, 'Настройка сетевых подключений'),
(55344832, 'Bash'),
(55344832, 'Docker'),
(55344832, 'Linux'),
(55344832, 'PostgreSQL'),
(55344832, 'Python'),
(55344832, 'TCP/IP'),
(55344832, 'Администрирование'),
(55369138, '1С: Предприятие 8'),
(55369138, 'CRM'),
(55369138, 'MS Dos'),
(55369138, 'MS Outlook'),
(55369138, 'Windows 7'),
(55369138, 'Администрирование сетевого оборудования'),
(55369138, 'Грамотная речь'),
(55369138, 'Деловая переписка'),
(55369138, 'Закупка оргтехники и оборудования'),
(55369138, 'Настройка ПК'),
(55369138, 'Настройка ПО'),
(55369138, 'Настройка сетевых подключений'),
(55369138, 'Организаторские навыки'),
(55369138, 'Офисная техника'),
(55369138, 'Работа в команде'),
(55369138, 'Работа с большим объемом информации'),
(55369138, 'Ремонт ПК'),
(55369138, 'Сборка ПК'),
(55369138, 'телефония'),
(55369138, 'Техническое обслуживание'),
(55369138, 'Умение принимать решения'),
(55371206, 'Active Directory'),
(55371206, 'Kaspersky Labs'),
(55371206, 'Kaspersky Security Center'),
(55371206, 'mikrotik'),
(55371206, 'Информационные технологии'),
(55371206, 'Техническая поддержка'),
(55371514, 'Active Directory'),
(55371514, 'DHCP'),
(55371514, 'Hyper-V'),
(55371514, 'Ms Exchange Server'),
(55371514, 'TCP/IP');

-- --------------------------------------------------------

--
-- Table structure for table `vacancies_specializations`
--

CREATE TABLE `vacancies_specializations` (
  `id_vacancy` bigint(20) NOT NULL,
  `id_specialization` varchar(255) NOT NULL
) ENGINE=InnoDB DEFAULT CHARSET=utf8;

--
-- Dumping data for table `vacancies_specializations`
--

INSERT INTO `vacancies_specializations` (`id_vacancy`, `id_specialization`) VALUES
(45722953, '15.750'),
(45722953, '22.757'),
(48246676, '21.136'),
(48246676, '21.17'),
(48246676, '21.482'),
(48246676, '21.506'),
(48262901, '15.388'),
(48262901, '3.509'),
(48262901, '4.127'),
(48262901, '4.181'),
(51091599, '15.388'),
(51091599, '3.509'),
(51091599, '4.127'),
(51091599, '4.181'),
(51567644, '21.136'),
(51567644, '21.17'),
(51567644, '21.482'),
(51567644, '21.506'),
(52163126, '1.211'),
(52163126, '1.270'),
(52163126, '1.273'),
(52163126, '1.82'),
(52163126, '1.89'),
(53220238, '15.388'),
(53220238, '3.509'),
(53220238, '4.127'),
(53220238, '4.181'),
(54192510, '1.211'),
(54192510, '1.270'),
(54192510, '1.273'),
(54192510, '1.82'),
(54192510, '1.89'),
(54192720, '1.211'),
(54192720, '1.270'),
(54192720, '1.273'),
(54192720, '1.82'),
(54192720, '1.89'),
(54608547, '1.211'),
(54608547, '1.270'),
(54608547, '1.273'),
(54608547, '1.82'),
(54608547, '1.89'),
(54608597, '1.211'),
(54608597, '1.270'),
(54608597, '1.273'),
(54608597, '1.82'),
(54608597, '1.89'),
(54727076, '1.211'),
(54727076, '1.270'),
(54727076, '1.273'),
(54727076, '1.82'),
(54727076, '1.89'),
(54869699, '15.388'),
(54869699, '3.509'),
(54869699, '4.127'),
(54869699, '4.181'),
(54878883, '1.172'),
(54878883, '1.211'),
(54878883, '1.273'),
(54878883, '1.82'),
(54878883, '1.89'),
(54879253, '1.211'),
(54879253, '1.270'),
(54879253, '1.273'),
(54879253, '1.82'),
(54879253, '1.89'),
(54903364, '15.388'),
(54903364, '3.509'),
(54903364, '4.127'),
(54903364, '4.181'),
(54966456, '1.211'),
(54966456, '1.270'),
(54966456, '1.273'),
(54966456, '1.82'),
(54966456, '1.89'),
(55028136, '21.136'),
(55028136, '21.17'),
(55028136, '21.482'),
(55028136, '21.506'),
(55041159, '1.172'),
(55041159, '1.211'),
(55041159, '1.273'),
(55041159, '1.82'),
(55041159, '1.89'),
(55054830, '1.211'),
(55054830, '1.270'),
(55054830, '1.273'),
(55054830, '1.82'),
(55054830, '1.89'),
(55055464, '21.136'),
(55055464, '21.17'),
(55055464, '21.482'),
(55055464, '21.506'),
(55170538, '15.388'),
(55170538, '3.509'),
(55170538, '4.127'),
(55170538, '4.181'),
(55170552, '15.388'),
(55170552, '3.509'),
(55170552, '4.127'),
(55170552, '4.181'),
(55179685, '1.211'),
(55179685, '1.270'),
(55179685, '1.273'),
(55179685, '1.82'),
(55179685, '1.89'),
(55191311, '21.136'),
(55191311, '21.17'),
(55191311, '21.482'),
(55191311, '21.506'),
(55200171, '15.388'),
(55200171, '3.509'),
(55200171, '4.127'),
(55200171, '4.181'),
(55215040, '1.211'),
(55215040, '1.270'),
(55215040, '1.273'),
(55215040, '1.82'),
(55215040, '1.89'),
(55236741, '15.388'),
(55236741, '3.509'),
(55236741, '4.127'),
(55236741, '4.181'),
(55281217, '21.136'),
(55281217, '21.17'),
(55281217, '21.482'),
(55281217, '21.506'),
(55285403, '21.136'),
(55285403, '21.17'),
(55285403, '21.482'),
(55285403, '21.506'),
(55296490, '15.388'),
(55296490, '3.509'),
(55296490, '4.127'),
(55296490, '4.181'),
(55305780, '15.388'),
(55305780, '3.509'),
(55305780, '4.127'),
(55305780, '4.181'),
(55324964, '17.256'),
(55324964, '24.379'),
(55324964, '4.181'),
(55324964, '4.255'),
(55324964, '4.332'),
(55334176, '15.388'),
(55334176, '3.509'),
(55334176, '4.127'),
(55334176, '4.181'),
(55340307, '1.211'),
(55340307, '1.270'),
(55340307, '1.273'),
(55340307, '1.82'),
(55340307, '1.89'),
(55344832, '1.211'),
(55344832, '1.270'),
(55344832, '1.273'),
(55344832, '1.82'),
(55344832, '1.89'),
(55369138, '1.211'),
(55369138, '1.270'),
(55369138, '1.273'),
(55369138, '1.82'),
(55369138, '1.89'),
(55371206, '1.211'),
(55371206, '1.270'),
(55371206, '1.273'),
(55371206, '1.82'),
(55371206, '1.89'),
(55371514, '1.211'),
(55371514, '1.270'),
(55371514, '1.273'),
(55371514, '1.82'),
(55371514, '1.89'),
(55375663, '1.211'),
(55375663, '1.270'),
(55375663, '1.273'),
(55375663, '1.82'),
(55375663, '1.89');

--
-- Indexes for dumped tables
--

--
-- Indexes for table `area`
--
ALTER TABLE `area`
  ADD PRIMARY KEY (`id_area`);

--
-- Indexes for table `experience`
--
ALTER TABLE `experience`
  ADD PRIMARY KEY (`id_experience`);

--
-- Indexes for table `specializations`
--
ALTER TABLE `specializations`
  ADD PRIMARY KEY (`id_specialization`);

--
-- Indexes for table `vacancies`
--
ALTER TABLE `vacancies`
  ADD PRIMARY KEY (`id_vacancy`);

--
-- Indexes for table `vacancies_skills`
--
ALTER TABLE `vacancies_skills`
  ADD PRIMARY KEY (`id_vacancy`,`id_skill`);

--
-- Indexes for table `vacancies_specializations`
--
ALTER TABLE `vacancies_specializations`
  ADD PRIMARY KEY (`id_vacancy`,`id_specialization`);
COMMIT;

/*!40101 SET CHARACTER_SET_CLIENT=@OLD_CHARACTER_SET_CLIENT */;
/*!40101 SET CHARACTER_SET_RESULTS=@OLD_CHARACTER_SET_RESULTS */;
/*!40101 SET COLLATION_CONNECTION=@OLD_COLLATION_CONNECTION */;
